Ship_ID,Username,Login_Status,Timestamp,IP
103,alice,Success,2025-11-15 08:56:35,192.168.4.21
104,alice,Success,2025-11-16 08:47:35,192.168.1.116
101,admin,Success,2025-11-19 09:28:35,192.168.2.243
103,charlie,Fail,2025-11-18 13:59:35,192.168.3.210
101,eve,Success,2025-11-16 01:48:35,192.168.3.144
102,eve,Success,2025-11-17 22:51:35,192.168.5.160
102,david,Success,2025-11-16 17:56:35,192.168.0.155
101,manas,Success,2025-11-15 23:13:35,192.168.0.26
104,alice,Success,2025-11-16 04:18:35,192.168.5.129
103,eve,Success,2025-11-19 03:19:35,192.168.2.204
105,manas,Success,2025-11-16 20:03:35,192.168.2.173
105,eve,Fail,2025-11-17 10:07:35,192.168.2.59
101,david,Success,2025-11-17 15:43:35,192.168.4.222
103,alice,Fail,2025-11-16 05:12:35,192.168.2.103
105,manas,Fail,2025-11-16 06:52:35,192.168.3.197
103,charlie,Success,2025-11-17 04:34:35,192.168.0.176
102,bob,Success,2025-11-16 05:54:35,192.168.3.233
105,eve,Fail,2025-11-16 22:40:35,192.168.3.53
101,david,Success,2025-11-14 23:06:35,192.168.3.47
102,charlie,Success,2025-11-15 08:09:35,192.168.3.220
101,admin,Fail,2025-11-17 08:04:35,192.168.4.199
102,manas,Success,2025-11-14 21:36:35,192.168.0.68
101,bob,Success,2025-11-16 20:44:35,192.168.4.99
102,alice,Success,2025-11-15 19:47:35,192.168.2.52
104,charlie,Success,2025-11-15 10:19:35,192.168.1.93
104,admin,Success,2025-11-15 18:06:35,192.168.0.7
102,manas,Success,2025-11-16 14:52:35,192.168.1.136
103,alice,Success,2025-11-15 00:48:35,192.168.1.121
105,manas,Success,2025-11-18 06:29:35,192.168.2.40
103,alice,Success,2025-11-14 15:59:35,192.168.4.83
102,alice,Fail,2025-11-16 18:59:35,192.168.4.147
104,david,Success,2025-11-18 13:49:35,192.168.3.128
103,david,Success,2025-11-17 03:57:35,192.168.5.169
105,alice,Success,2025-11-17 00:41:35,192.168.4.126
102,alice,Success,2025-11-15 02:02:35,192.168.4.170
103,david,Success,2025-11-17 19:28:35,192.168.4.227
104,alice,Success,2025-11-14 10:19:35,192.168.5.46
104,bob,Success,2025-11-15 23:19:35,192.168.1.9
105,eve,Success,2025-11-17 16:19:35,192.168.5.43
102,admin,Success,2025-11-15 19:45:35,192.168.4.134
101,charlie,Fail,2025-11-14 12:25:35,192.168.1.78
104,charlie,Fail,2025-11-14 21:39:35,192.168.4.84
103,eve,Success,2025-11-14 12:56:35,192.168.1.175
105,charlie,Success,2025-11-18 17:55:35,192.168.3.136
102,alice,Success,2025-11-19 07:01:35,192.168.1.10
102,david,Success,2025-11-15 12:30:35,192.168.4.132
101,charlie,Success,2025-11-18 02:47:35,192.168.0.179
103,bob,Success,2025-11-17 20:24:35,192.168.0.116
103,david,Success,2025-11-18 17:21:35,192.168.4.230
104,david,Success,2025-11-15 00:46:35,192.168.5.157
104,eve,Fail,2025-11-16 17:06:35,192.168.3.207
102,charlie,Success,2025-11-16 13:41:35,192.168.0.96
101,eve,Success,2025-11-17 22:28:35,192.168.1.169
104,bob,Fail,2025-11-14 09:39:35,192.168.3.226
102,admin,Success,2025-11-17 08:32:35,192.168.0.143
102,david,Success,2025-11-16 13:34:35,192.168.1.159
101,admin,Success,2025-11-19 05:30:35,192.168.5.82
103,charlie,Success,2025-11-15 05:07:35,192.168.2.134
102,bob,Success,2025-11-19 03:54:35,192.168.2.163
103,charlie,Fail,2025-11-15 11:57:35,192.168.3.21
102,bob,Success,2025-11-18 03:43:35,192.168.1.41
104,david,Success,2025-11-19 03:19:35,192.168.2.23
105,eve,Fail,2025-11-16 02:49:35,192.168.2.127
102,manas,Success,2025-11-14 22:06:35,192.168.4.23
101,charlie,Success,2025-11-19 02:44:35,192.168.4.41
102,alice,Fail,2025-11-19 01:54:35,192.168.0.239
103,bob,Fail,2025-11-14 21:16:35,192.168.5.140
103,eve,Success,2025-11-18 20:05:35,192.168.1.92
105,bob,Fail,2025-11-16 04:37:35,192.168.3.216
105,bob,Success,2025-11-15 19:46:35,192.168.2.183
102,alice,Success,2025-11-16 09:16:35,192.168.4.205
105,eve,Fail,2025-11-14 23:20:35,192.168.5.194
104,david,Success,2025-11-18 10:18:35,192.168.5.118
104,manas,Success,2025-11-15 11:24:35,192.168.3.21
101,david,Success,2025-11-17 04:11:35,192.168.3.21
101,charlie,Fail,2025-11-19 07:56:35,192.168.5.229
101,admin,Fail,2025-11-17 22:24:35,192.168.1.214
105,admin,Fail,2025-11-18 16:23:35,192.168.2.147
102,bob,Success,2025-11-16 18:50:35,192.168.2.162
104,bob,Success,2025-11-19 06:17:35,192.168.0.75
104,bob,Fail,2025-11-19 09:08:35,192.168.1.197
104,david,Success,2025-11-14 11:37:35,192.168.4.165
102,charlie,Fail,2025-11-16 10:22:35,192.168.5.206
101,admin,Success,2025-11-16 19:59:35,192.168.3.82
104,david,Fail,2025-11-19 01:34:35,192.168.5.240
102,charlie,Success,2025-11-15 11:53:35,192.168.5.116
105,charlie,Fail,2025-11-16 03:23:35,192.168.1.218
103,eve,Success,2025-11-17 16:50:35,192.168.5.156
105,alice,Fail,2025-11-16 11:28:35,192.168.4.175
102,david,Success,2025-11-15 11:46:35,192.168.4.98
105,admin,Success,2025-11-15 13:35:35,192.168.2.173
105,charlie,Success,2025-11-18 11:54:35,192.168.3.52
105,admin,Fail,2025-11-17 02:04:35,192.168.3.242
105,eve,Success,2025-11-17 17:53:35,192.168.5.128
104,charlie,Success,2025-11-17 00:52:35,192.168.2.35
101,bob,Success,2025-11-15 10:47:35,192.168.0.30
103,bob,Success,2025-11-15 12:51:35,192.168.1.129
101,eve,Success,2025-11-16 01:13:35,192.168.5.54
105,manas,Success,2025-11-15 15:27:35,192.168.1.77
104,eve,Success,2025-11-15 07:25:35,192.168.2.172
102,manas,Success,2025-11-15 16:14:35,192.168.2.220
103,admin,Success,2025-11-18 04:43:35,192.168.1.237
103,eve,Success,2025-11-18 00:05:35,192.168.2.82
105,admin,Fail,2025-11-18 03:47:35,192.168.3.55
104,david,Success,2025-11-17 16:28:35,192.168.2.5
103,eve,Success,2025-11-17 23:55:35,192.168.3.64
105,david,Success,2025-11-15 21:52:35,192.168.2.41
105,david,Success,2025-11-19 06:53:35,192.168.5.131
102,manas,Fail,2025-11-14 20:44:35,192.168.0.178
105,eve,Success,2025-11-16 15:46:35,192.168.4.173
104,manas,Success,2025-11-16 13:50:35,192.168.3.217
103,admin,Success,2025-11-18 20:31:35,192.168.5.109
105,manas,Success,2025-11-14 17:22:35,192.168.1.119
101,eve,Success,2025-11-15 05:20:35,192.168.1.17
104,charlie,Success,2025-11-19 02:53:35,192.168.0.229
105,bob,Success,2025-11-17 23:19:35,192.168.1.218
103,charlie,Success,2025-11-19 04:48:35,192.168.2.44
103,manas,Success,2025-11-17 23:41:35,192.168.4.244
101,eve,Success,2025-11-18 02:33:35,192.168.3.236
102,eve,Success,2025-11-14 19:50:35,192.168.4.206
105,admin,Success,2025-11-19 06:52:35,192.168.0.86
103,charlie,Success,2025-11-18 03:15:35,192.168.2.98
105,manas,Success,2025-11-18 17:32:35,192.168.5.30
105,bob,Success,2025-11-18 17:00:35,192.168.4.150
104,bob,Fail,2025-11-17 21:29:35,192.168.2.86
101,admin,Success,2025-11-16 23:25:35,192.168.1.248
103,charlie,Success,2025-11-18 14:12:35,192.168.3.92
104,charlie,Fail,2025-11-15 22:29:35,192.168.2.107
101,charlie,Success,2025-11-19 00:10:35,192.168.0.241
101,alice,Fail,2025-11-19 05:35:35,192.168.3.21
102,david,Fail,2025-11-18 00:06:35,192.168.2.198
101,alice,Fail,2025-11-14 19:49:35,192.168.4.19
101,bob,Fail,2025-11-15 05:08:35,192.168.2.220
105,eve,Success,2025-11-18 18:53:35,192.168.2.141
104,charlie,Success,2025-11-17 18:19:35,192.168.0.104
102,admin,Success,2025-11-18 19:20:35,192.168.0.44
104,bob,Success,2025-11-17 08:05:35,192.168.1.218
104,bob,Success,2025-11-18 05:46:35,192.168.2.132
101,manas,Success,2025-11-15 15:04:35,192.168.4.143
103,charlie,Success,2025-11-15 05:06:35,192.168.4.157
101,eve,Success,2025-11-18 18:43:35,192.168.0.118
103,alice,Fail,2025-11-18 23:59:35,192.168.3.254
104,manas,Fail,2025-11-15 13:19:35,192.168.4.197
103,bob,Success,2025-11-15 17:58:35,192.168.3.158
102,david,Success,2025-11-18 07:39:35,192.168.4.136
104,bob,Success,2025-11-15 04:34:35,192.168.0.92
103,david,Success,2025-11-16 05:53:35,192.168.3.67
102,bob,Fail,2025-11-15 00:08:35,192.168.2.143
103,bob,Success,2025-11-14 22:56:35,192.168.1.128
101,admin,Success,2025-11-14 15:10:35,192.168.4.76
101,charlie,Success,2025-11-14 17:17:35,192.168.2.18
105,admin,Success,2025-11-17 12:55:35,192.168.3.190
105,bob,Success,2025-11-16 06:13:35,192.168.2.83
102,admin,Success,2025-11-18 21:29:35,192.168.2.45
105,charlie,Success,2025-11-14 15:00:35,192.168.0.247
104,manas,Success,2025-11-17 06:58:35,192.168.3.42
103,eve,Success,2025-11-15 05:56:35,192.168.3.134
104,manas,Success,2025-11-17 23:30:35,192.168.1.151
102,admin,Success,2025-11-19 06:43:35,192.168.2.59
101,charlie,Fail,2025-11-19 00:23:35,192.168.4.68
101,charlie,Success,2025-11-17 17:49:35,192.168.4.142
101,charlie,Success,2025-11-19 02:50:35,192.168.5.139
101,manas,Success,2025-11-18 21:02:35,192.168.0.125
105,bob,Success,2025-11-18 21:21:35,192.168.0.192
102,alice,Success,2025-11-17 19:55:35,192.168.1.168
102,bob,Success,2025-11-17 01:56:35,192.168.4.198
105,charlie,Success,2025-11-17 00:49:35,192.168.0.32
101,alice,Success,2025-11-15 00:49:35,192.168.3.78
104,david,Success,2025-11-16 00:01:35,192.168.1.38
105,david,Success,2025-11-15 18:46:35,192.168.0.169
103,bob,Success,2025-11-17 13:04:35,192.168.2.190
101,bob,Success,2025-11-17 09:34:35,192.168.5.234
102,manas,Success,2025-11-17 08:47:35,192.168.3.169
104,alice,Fail,2025-11-15 14:35:35,192.168.4.244
101,admin,Success,2025-11-17 23:42:35,192.168.1.50
104,charlie,Fail,2025-11-14 19:25:35,192.168.3.36
104,bob,Success,2025-11-15 07:22:35,192.168.0.55
103,bob,Success,2025-11-19 06:20:35,192.168.0.174
102,admin,Success,2025-11-18 01:20:35,192.168.4.235
105,admin,Fail,2025-11-15 18:45:35,192.168.3.146
104,manas,Fail,2025-11-15 00:48:35,192.168.1.14
104,manas,Success,2025-11-14 12:19:35,192.168.1.185
101,admin,Success,2025-11-14 19:39:35,192.168.5.106
105,manas,Success,2025-11-16 17:44:35,192.168.3.25
101,david,Fail,2025-11-18 18:26:35,192.168.1.127
104,manas,Fail,2025-11-19 08:11:35,192.168.0.41
103,bob,Success,2025-11-18 16:10:35,192.168.3.10
103,charlie,Fail,2025-11-16 17:44:35,192.168.4.9
105,admin,Success,2025-11-18 13:29:35,192.168.0.230
101,alice,Success,2025-11-14 14:44:35,192.168.3.9
102,manas,Success,2025-11-16 22:56:35,192.168.5.16
105,admin,Fail,2025-11-16 10:25:35,192.168.3.68
102,manas,Success,2025-11-17 11:50:35,192.168.5.89
101,eve,Success,2025-11-18 15:33:35,192.168.4.30
104,bob,Fail,2025-11-15 05:12:35,192.168.1.146
101,admin,Success,2025-11-15 19:00:35,192.168.3.150
103,eve,Fail,2025-11-15 06:40:35,192.168.3.131
102,eve,Fail,2025-11-18 05:21:35,192.168.1.225
101,bob,Success,2025-11-16 17:05:35,192.168.4.165
103,bob,Fail,2025-11-15 00:07:35,192.168.3.88
101,eve,Fail,2025-11-16 19:02:35,192.168.2.248
105,charlie,Success,2025-11-15 18:59:35,192.168.4.105
101,bob,Success,2025-11-18 13:05:35,192.168.4.163
101,manas,Fail,2025-11-14 13:50:35,192.168.2.15
102,eve,Success,2025-11-15 16:24:35,192.168.2.60
103,bob,Success,2025-11-17 04:25:35,192.168.5.125
103,manas,Success,2025-11-18 12:15:35,192.168.3.134
101,admin,Success,2025-11-14 18:26:35,192.168.5.42
101,eve,Success,2025-11-14 21:08:35,192.168.4.162
105,david,Fail,2025-11-18 04:52:35,192.168.1.4
103,bob,Fail,2025-11-16 15:55:35,192.168.1.217
105,david,Fail,2025-11-17 01:42:35,192.168.0.134
104,eve,Fail,2025-11-17 23:13:35,192.168.4.193
103,david,Success,2025-11-16 21:24:35,192.168.4.124
103,manas,Success,2025-11-19 03:21:35,192.168.4.232
103,charlie,Success,2025-11-15 01:55:35,192.168.0.92
101,admin,Success,2025-11-15 04:59:35,192.168.2.108
102,bob,Success,2025-11-17 20:43:35,192.168.2.30
103,admin,Success,2025-11-15 02:30:35,192.168.0.10
103,bob,Success,2025-11-15 10:30:35,192.168.4.187
105,bob,Success,2025-11-18 19:02:35,192.168.4.50
101,alice,Success,2025-11-16 21:59:35,192.168.2.138
105,admin,Success,2025-11-15 11:23:35,192.168.2.74
104,bob,Success,2025-11-15 19:52:35,192.168.4.38
103,alice,Fail,2025-11-16 18:38:35,192.168.2.113
103,admin,Success,2025-11-17 03:15:35,192.168.4.190
103,bob,Fail,2025-11-17 00:03:35,192.168.0.161
104,alice,Success,2025-11-15 04:13:35,192.168.1.236
104,bob,Fail,2025-11-16 02:32:35,192.168.3.223
102,charlie,Success,2025-11-15 03:38:35,192.168.2.47
103,alice,Success,2025-11-17 14:23:35,192.168.2.34
103,admin,Success,2025-11-18 17:43:35,192.168.1.74
102,charlie,Success,2025-11-15 07:42:35,192.168.3.81
102,bob,Fail,2025-11-17 16:37:35,192.168.3.138
105,david,Fail,2025-11-16 15:42:35,192.168.2.37
103,bob,Success,2025-11-14 21:35:35,192.168.0.185
103,bob,Success,2025-11-17 04:30:35,192.168.3.33
105,alice,Success,2025-11-19 00:31:35,192.168.0.218
103,david,Success,2025-11-14 10:42:35,192.168.3.28
103,manas,Fail,2025-11-17 14:20:35,192.168.4.128
102,david,Fail,2025-11-17 07:40:35,192.168.0.147
105,charlie,Fail,2025-11-15 21:11:35,192.168.2.99
105,alice,Success,2025-11-18 18:16:35,192.168.2.86
103,alice,Success,2025-11-15 09:13:35,192.168.1.71
103,alice,Success,2025-11-17 03:18:35,192.168.1.40
102,david,Success,2025-11-16 18:23:35,192.168.4.77
103,admin,Success,2025-11-17 20:18:35,192.168.1.4
102,admin,Fail,2025-11-15 21:22:35,192.168.3.30
102,eve,Fail,2025-11-18 01:49:35,192.168.2.159
103,alice,Success,2025-11-17 03:11:35,192.168.0.48
101,david,Success,2025-11-17 19:09:35,192.168.3.89
104,bob,Fail,2025-11-16 07:46:35,192.168.0.85
101,manas,Success,2025-11-18 10:15:35,192.168.1.81
101,alice,Success,2025-11-17 10:46:35,192.168.1.82
102,admin,Success,2025-11-18 02:17:35,192.168.5.84
104,manas,Fail,2025-11-18 01:46:35,192.168.1.112
102,david,Fail,2025-11-15 21:58:35,192.168.4.148
105,charlie,Success,2025-11-15 00:08:35,192.168.3.109
104,charlie,Fail,2025-11-14 17:43:35,192.168.3.247
104,manas,Success,2025-11-17 17:23:35,192.168.5.13
105,david,Fail,2025-11-15 03:03:35,192.168.3.224
102,charlie,Success,2025-11-15 10:33:35,192.168.2.2
102,manas,Success,2025-11-15 02:00:35,192.168.0.238
103,eve,Success,2025-11-14 16:58:35,192.168.0.174
103,charlie,Success,2025-11-15 01:30:35,192.168.4.56
105,david,Success,2025-11-15 18:39:35,192.168.1.97
102,david,Success,2025-11-19 03:56:35,192.168.3.22
103,eve,Success,2025-11-16 22:00:35,192.168.3.117
105,manas,Fail,2025-11-18 11:29:35,192.168.4.157
101,admin,Fail,2025-11-15 19:28:35,192.168.1.179
105,alice,Success,2025-11-16 06:58:35,192.168.4.177
105,eve,Success,2025-11-14 22:07:35,192.168.0.7
102,bob,Success,2025-11-17 20:02:35,192.168.5.51
102,eve,Fail,2025-11-17 07:30:35,192.168.4.164
104,eve,Fail,2025-11-16 14:38:35,192.168.1.62
104,david,Success,2025-11-19 07:02:35,192.168.0.150
104,manas,Success,2025-11-16 17:23:35,192.168.3.30
104,charlie,Fail,2025-11-15 00:27:35,192.168.4.31
102,charlie,Fail,2025-11-15 18:58:35,192.168.3.168
105,alice,Fail,2025-11-17 11:20:35,192.168.1.7
104,charlie,Success,2025-11-17 09:51:35,192.168.0.26
104,manas,Fail,2025-11-18 05:08:35,192.168.5.30
104,admin,Success,2025-11-16 18:19:35,192.168.2.173
101,david,Success,2025-11-17 06:58:35,192.168.1.126
103,charlie,Fail,2025-11-16 15:26:35,192.168.5.168
103,admin,Success,2025-11-19 04:18:35,192.168.0.248
101,david,Success,2025-11-16 23:22:35,192.168.2.10
105,charlie,Success,2025-11-18 14:48:35,192.168.0.113
102,manas,Success,2025-11-15 19:17:35,192.168.1.236
101,david,Success,2025-11-16 22:59:35,192.168.3.232
102,charlie,Success,2025-11-14 11:16:35,192.168.2.57
103,eve,Success,2025-11-17 21:03:35,192.168.5.254
105,charlie,Success,2025-11-16 00:52:35,192.168.2.228
105,david,Success,2025-11-16 04:09:35,192.168.5.57
103,charlie,Success,2025-11-15 13:45:35,192.168.4.70
102,eve,Success,2025-11-14 11:51:35,192.168.5.205
102,eve,Success,2025-11-15 04:16:35,192.168.5.128
105,admin,Success,2025-11-19 08:09:35,192.168.4.226
104,admin,Fail,2025-11-14 10:00:35,192.168.0.49
105,eve,Fail,2025-11-18 07:02:35,192.168.4.168
